Year,Beijing_Enterprise,Beijing_Output,Tianjin_Enterprise,Tianjin_Output,Hebei_Enterprise,Hebei_Output,Shanxi_Enterprise,Shanxi_Output,InnerMongolia_Enterprise,InnerMongolia_Output,Liaoning_Enterprise,Liaoning_Output,Jilin_Enterprise,Jilin_Output,Heilongjiang_Enterprise,Heilongjiang_Output,Shanghai_Enterprise,Shanghai_Output,Jiangsu_Enterprise,Jiangsu_Output,Zhejiang_Enterprise,Zhejiang_Output,Anhui_Enterprise,Anhui_Output,Fujian_Enterprise,Fujian_Output,Jiangxi_Enterprise,Jiangxi_Output,Shandong_Enterprise,Shandong_Output,Henan_Enterprise,Henan_Output,Hubei_Enterprise,Hubei_Output,Hunan_Enterprises,Hunan_Output,Guangdong_Enterprise,Guangdong_Output,Guangxi_Enterprise,Guangxi_Output,Hainan_Enterprise,Hainan_Output,Chongqing_Enterprise,Chongqing_Output,Sichuan_Enterprise,Sichuan_Output,Guizhou_Enterprise,Guizhou_Output,Yunnan_Enterprise,Yunnan_Output,Tibet_Enterprise,Tibet_Output,Shaanxi_Enterprise,Shaanxi_Output,Gansu_Enterprise,Gansu_Output,Qinghai_Enterprise,Qinghai_Output,Ningxia_Enterprise,Ningxia_Output,Xinjiang_Enterprise,Xinjiang_Output
  1949,21055,1.47,4708,7.29,6479,6.59,2864,3.73,765,NA,8816,11.9,2561,3.54,5227,7.53,20307,NA,9049,15.89,84,5.8,3813,4.84,NA,NA,3238,2.64,112422,9.15,2646,2.98,4111,NA,1400,3.18,7796,9.89,NA,NA,NA,NA,NA,6.04,NA,NA,NA,2.06,NA,1.95,NA,NA,3926,2.86,1106,1.27,15,0.19,293,0.13,363,0.98
  1950,23461,3.07,6358,11.6,6931,8.97,3142,5.47,NA,NA,10762,23.5,3042,5.87,5997,11.08,20897,NA,9899,19,NA,5.13,4054,5.46,7326,2.45,3315,4.91,125564,13.07,2690,4.33,NA,NA,1884,4.15,9428,NA,82564,2.31,NA,NA,NA,6.85,NA,NA,16,2.18,1479,2.34,NA,NA,4412,3.28,1245,1.47,17,0.2,318,0.14,426,1.24
  1951,29839,5.99,9190,17.32,7554,11.78,3594,7.31,NA,NA,12216,31.4,3707,7.18,6298,12.6,24956,NA,10129,22.55,NA,7.46,4328,6.5,7568,3.2,4114,6,139390,16.27,3482,6.25,NA,NA,2796,5.82,NA,NA,85890,3,NA,NA,NA,9.58,NA,NA,47,2.66,1723,3.01,NA,NA,5056,3.83,1384,1.95,40,0.24,493,0.17,577,1.63
  1952,34386,7.19,82,18.54,7553,16.56,3318,4.57,1353,1.6,10696,44.2,3542,10.48,5769,17.88,25878,66.6,9661,25.53,3269,8.24,4439,7.86,6131,4.2,4225,6.97,141292,20.08,4246,9.98,5028,9.99,290,2.7,12362,19.85,90090,4.05,35,0.42,5863,10.9,14340,7.91,52,3.04,2161,3.81,NA,NA,5402,4.95,1447,2.35,48,0.27,686,0.2,771,2.2
  1953,38632,10.28,8459,26.21,6387,18.17,4018,13.34,NA,2.55,11258,58.7,3385,13.28,5502,25.1,29873,91.5,9829,29.81,NA,11.71,4370,8.76,6311,5.43,4138,7.86,154410,25.41,4824,11.9,NA,13.6,3163,10.1,NA,NA,99835,5.42,NA,NA,NA,14.88,NA,NA,215,3.67,2037,6.03,NA,NA,5613,6.63,1222,2.77,91,0.35,603,0.26,968,2.96
  1954,39595,11.86,8918,29.43,5688,22.04,5732,17.94,NA,3.77,9683,65.6,3472,15.11,4993,28.23,28860,96.37,10008,31.66,NA,12.97,3726,9.8,6850,6.12,5329,8.36,143514,29.35,6665,13.65,NA,14.69,4265,11.94,NA,NA,97375,6.63,NA,NA,NA,19.02,NA,NA,387,4.13,4648,7.6,NA,NA,6368,8.51,1989,3.44,189,0.47,918,0.32,1187,3.43
  1955,32036,13.19,7250,30.09,2850,22.96,5262,21.69,NA,4.41,7281,71.8,3348,13.89,3648,26.87,23713,91.42,7773,32.82,NA,12.57,1991,12.4,5936,6.35,5092,8.85,126429,30.1,8351,14.49,NA,16.26,5985,12.11,NA,NA,64153,7.66,NA,NA,NA,21.59,NA,NA,442,4.56,3195,8.66,NA,NA,5685,9.37,1373,4.07,207,0.71,225,0.37,1435,4.06
  1956,3574,18.19,2710,35.68,1060,24.48,4728,26.56,NA,6.05,4908,101.3,3033,16.93,3808,31.33,18724,113.92,2426,38.6,NA,16.35,1138,15.4,5746,7.32,5584,10.62,25664,39.64,4705,16.11,NA,20.66,7812,14.65,NA,NA,9190,8.59,NA,NA,NA,27.47,NA,NA,751,5.38,3247,9.64,NA,NA,4075,11.23,1592,4.87,252,1.16,265,0.36,1457,4.03
  1957,4234,19.93,1049,38.57,1078,25.86,4284,13.07,2110,6.3,5629,117.1,3093,20.8,4256,35.03,16316,118.82,2322,41.01,12558,20.88,1596,31.8,6127,8.57,5853,11.7,34467,43.31,4561,16.63,8424,24.31,1340,18.19,25510,37.92,13610,9.2,241,1.33,2879,31.08,6931,21.57,3683,6.05,3866,11.19,NA,NA,5458,11.34,1724,5.72,356,1.27,310,0.46,1396,4.75
  1958,2084,42.8,2376,61.94,3708,39.63,5016,50.75,NA,12.03,42928,163.7,4281,30.88,3865,61.81,14240,176.44,5868,75.22,NA,38.25,8652,49.33,NA,12.94,10753,18.96,125511,69.57,22442,33.17,NA,34.93,12971,32.41,21578,NA,46348,12.15,NA,NA,NA,44.64,NA,NA,68333,9.42,23110,17.64,NA,NA,3656,19.9,17895,9.22,677,1.78,1755,0.92,2669,7.1
  1959,2890,65.37,2169,85.15,7605,63.84,7388,73.61,NA,18.78,6992,212.3,5470,41.84,9416,89.68,12205,254.68,4809,96,NA,50.33,15103,56.62,7561,19.56,11733,24.84,21216,92.98,15429,50.16,NA,49.57,12216,42.63,15892,NA,9719,17.43,NA,NA,NA,61.96,NA,NA,14963,13.42,7281,24.45,36,0.01,4964,29.49,9807,15.6,929,4.96,830,1.79,3056,15.99
  1960,2238,86.85,1429,93.42,6697,74.73,2069,41.95,NA,28.57,6577,258.5,5574,57.33,10075,107.33,13488,298.97,6132,100.32,NA,54.33,11058,28.24,7217,25.01,12425,28.79,11522,97.91,10698,58.41,NA,59.92,2056,45.42,12835,NA,8185,19.49,NA,NA,5029,26.62,15236,27.45,4818,13.95,5718,27.77,NA,0.04,6808,36.83,3945,17.92,899,6.57,783,2.38,3274,20.17
  1961,2207,51.23,1968,51.54,6380,42.09,5743,50.69,NA,15.93,6718,111.6,5107,32.71,7400,62.18,11447,187.43,3284,62.5,NA,37.56,8704,20.01,6722,13.77,12367,19.06,7530,55.04,7173,31.2,NA,33.55,13095,28.56,15986,NA,6796,10.53,NA,NA,NA,34.94,NA,NA,4165,8.46,5181,15.7,NA,0.45,5653,21.19,2480,7.98,705,3.17,566,2.05,2506,15.59
  1962,2049,39.09,2018,45.39,5611,33.42,5244,43.64,3614,14.26,7042,107.4,4640,30.05,6509,49.69,8809,151.98,3018,53.36,11156,33.62,7820,20.13,6369,11.23,10873,16.95,6794,45.7,5927,23.93,10293,34.83,10449,26.42,14582,50.57,6082,9.53,911,1.33,5029,26.62,16775,21.48,3714,7.12,4800,14.46,NA,0.43,4978,18.14,1490,10.27,465,1.91,446,1.53,2252,12.19
  1963,2039,40.59,1976,48.95,4465,33.49,3981,48.32,NA,21.26,7047,115.9,3733,35.47,5383,55.47,8522,168.91,NA,54.66,10655,33.97,6455,24.45,5848,11.33,9774,18.07,5856,49.1,5621,26.65,NA,39.19,9154,28.21,14390,NA,5444,10.49,NA,NA,NA,28.08,12685,NA,3441,7.32,4758,14.74,NA,1.17,3830,19.69,1592,11.96,415,1.88,448,1.49,2064,11.72
  1964,1715,45.94,1881,55.2,4294,39.1,3791,55.6,NA,23.05,7016,137.5,3509,40.31,4955,69.91,8343,196.95,NA,68.17,9575,39.08,6099,31.8,5699,13.94,8811,21.11,5745,58.61,5639,32.27,NA,44.85,8268,32.38,13770,NA,5182,11.94,NA,NA,NA,35.87,14292,NA,3272,8.84,4508,16.36,NA,0.55,3675,23.88,1703,14.19,434,1.97,445,1.59,2126,11.18
  1965,1790,55.03,1969,64.8,4298,49.38,2460,34.07,2490,26.08,6791,170.5,3677,47.49,4971,88.54,8189,230.77,NA,88.08,9048,44.01,5741,38.25,4933,17.24,9161,24.1,5585,71.38,5341,42.34,9582,52.9,6691,33.65,12748,71.76,5011,15.59,815,2.51,4761,43.94,17136,37.68,3753,11.43,4424,20.31,80,0.22,3872,29.65,1706,18.17,449,2.42,454,2.03,1993,13.77
  1966,1842,66.52,2214,80.42,4422,55.21,3390,85.09,NA,29.56,4728,202,3027,53.95,3879,108.35,8267,259.59,NA,104.19,9253,50.52,5937,26.29,4547,21.57,7813,27.17,6070,88.64,5492,49.3,NA,66.71,8875,47.94,12853,NA,4453,19.36,NA,NA,NA,51.16,32465,NA,2606,12.98,4235,23.46,NA,0.18,3039,40.94,1579,23.9,423,3.01,530,3.08,2427,17.28
  1967,1841,60.16,2308,68.27,4438,53.76,3738,71.48,NA,20.28,4371,149.2,3419,40.01,3951,97.39,8582,226.88,NA,84.8,9298,47.27,5968,25.56,4653,19.11,7017,22.96,6159,96.6,5434,46.15,NA,60.95,9512,42.98,NA,NA,4760,17.04,NA,NA,NA,40.44,32622,NA,2536,12.28,4235,21.59,NA,0.2,2817,33.08,1607,18.46,439,3.11,439,2.92,2091,15.52
  1968,1792,63.44,2284,69.13,4194,60.52,3765,48.92,NA,21.19,4646,128.9,3526,31.76,3919,93.62,8532,251.87,NA,85.48,9349,44.91,5979,36.49,4643,13.37,5596,26.11,6070,103.85,5757,42.37,NA,45.81,9401,36.72,NA,NA,4773,12.15,NA,NA,NA,23.28,34047,NA,2527,11.2,4235,7.04,NA,0.23,2861,20.3,1528,20.65,470,3.08,434,2.87,2088,13.89
  1969,1740,90.43,2220,88.47,4659,73.64,3782,67.59,NA,22.32,6419,213.1,3395,52.42,5555,108.7,8635,284.42,7646,102.8,10526,57.65,6191,45.45,4493,20.96,5771,33.98,6248,105.79,5918,54.25,NA,59.46,9410,47.83,10773,NA,5221,22.32,NA,NA,NA,36.31,33384,NA,2518,10.12,3992,24.01,NA,0.28,2897,42.69,1315,28.26,485,3.48,444,3.76,1999,13.48
  1970,1819,120.14,1849,99.44,7997,89.52,3311,46.81,3341,27.8,1480,226.4,5303,63.47,8914,136.84,9834,312.18,7390,135.47,12177,66.66,7476,56.67,4553,24.41,6384,41.62,7384,141.22,7576,73.68,10990,86.27,10106,66.26,13544,100.55,6138,27.41,873,3.93,5077,53.07,19369,66.59,3933,20.75,6818,30.82,NA,0.34,5093,51.61,2247,36.54,610,4.74,597,5.01,2276,18.1
  1971,1931,146.99,3216,111.57,8881,98.64,5910,113.69,NA,31.09,8712,299.2,5687,74.25,8489,130.56,9307,336.52,14741,167.59,12792,70.59,7841,61.7,4861,28.45,6543,50.31,7983,147.91,8185,91.54,NA,95.31,13227,77.35,13590,NA,6770,33.3,NA,NA,NA,68.55,32898,NA,4577,22.94,5129,32.75,NA,0.12,5875,62.46,3114,47.84,822,7.23,721,6.53,2525,19.89
  1972,2059,155.31,3249,112.24,9611,100.91,6093,119.67,NA,31.57,8889,268.5,5506,78.96,8527,137.07,9327,355.39,15581,183.38,13753,76.78,8162,73.71,5363,33.64,7384,50.74,8181,153.92,7895,100.75,NA,96.97,14112,87.05,14141,NA,7182,37.48,NA,NA,NA,65.02,35337,NA,4948,22.04,5581,36.94,NA,0.12,6033,61.89,3173,49.16,913,7.16,695,7.5,2690,17.47
  1973,2167,166.75,3463,123.5,10131,111.79,6423,131.66,NA,32.67,9997,295,5634,84.91,9489,147.7,9069,383.33,16439,208.1,14407,85.56,8539,69.87,6024,39.16,8156,56.14,8493,162.94,8340,106.07,NA,110.92,14039,100.63,15218,NA,7238,42.77,NA,NA,NA,60.26,34503,NA,5102,19.21,5828,41.33,NA,0.37,5791,66.05,3220,52.39,959,8.51,689,8.57,2716,17.17
  1974,2255,181.7,3641,134.55,10453,124.92,7115,123.8,NA,29.78,10404,316.8,5654,84.9,9716,158.33,8867,398.4,17080,205.39,15048,73.54,9111,81.8,6069,39.88,8647,47.45,8666,119.99,9154,115.62,NA,100.78,14903,83.66,15617,NA,7491,46.73,NA,NA,NA,55.36,37120,NA,5597,17.86,6170,41.59,NA,0.59,6258,68.1,3403,57.27,1022,8.83,736,9.68,2859,17.38
  1975,3739,197.63,2030,138.2,9143,146.61,6764,64.37,5373,36.9,10100,319.16,6510,99.31,10483,176.06,8743,420.37,18975,235.28,16716,77.59,9565,90.51,7001,43.37,8879,54.66,9933,189.78,10880,130.46,9797,127.99,13245,87.85,16058,155.23,5598,52.31,1413,6.84,7531,74.29,20632,102.14,6035,24.97,6364,42.33,NA,0.74,7183,75.36,3043,59.5,1038,10.16,836,11.17,3046,21.41
  1976,3877,207.81,2063,131.02,10263,132.51,8862,64.92,NA,37.61,12740,358.9,7324,103.39,12031,186.6,8798,423.45,22105,247.59,17556,82.07,11201,98.86,7357,43.55,9215,48.12,13422,220,12668,95.94,14511,114.84,18438,94.06,17286,NA,9148,56.71,NA,NA,8489,65.28,21668,129.64,6798,23.08,6499,32.6,NA,0.91,8951,71.47,3344,60.46,1158,9.96,918,10.45,3238,24.08
  1977,4036,145.41,3785,132.95,11093,160.42,8254,81.8,NA,44.08,12077,323.64,7796,104.34,13092,202.09,8572,458.4,23252,297.12,19088,107.62,13140,99,7837,51.68,10126,63.97,16732,262.24,14191,110.24,15587,139.15,14736,104.81,18365,NA,6356,54.27,NA,NA,10413,87.81,27377,173.71,7346,32.15,6596,46.22,NA,1.01,9593,82.07,3705,62.86,1271,11.34,1021,11.92,3491,29.22
  1978,2911,165.07,3816,151.01,12076,187.7,8391,95.24,3838,32.31,13242,365.68,8734,110.44,11263,203.1,6975,493.41,24977,305.11,20270,118.73,11428,110.58,7278,55.47,8945,65.6,15345,266.55,12142,152.97,13006,151.1,16419,129.03,16500,168.91,8129,60.42,1649,7.17,8037,64.34,28306,188.85,4208,37.11,5394,47.69,NA,1.13,8663,91.56,3797,67.49,1391,13.57,880,12.16,2027,28.43
  1979,3240,182.75,3851,163.87,12919,199.12,8542,107.59,6461,51.6,13175,388.52,8752,118.24,12035,213.91,5866,534.92,26160,348.96,23027,141.37,11820,120.02,8079,63.77,9897,74.82,15808,285.24,12737,171.48,13143,184.73,17581,148.61,17669,181.96,7958,64.66,1618,7.46,9178,73.7,34139,213.97,4322,40.91,5717,55.77,136,1.14,8984,99.48,3619,69.96,1306,13.73,875,13.09,2172,30.41
  1980,3571,205.82,1024,183.45,13793,210.75,8937,111.65,6625,54.59,14645,427.63,9701,126.31,12829,226.3,6233,574.16,29685,415.06,26888,175.6,12932,124.58,9005,71.86,10111,82.33,16764,310.15,13327,182.54,13407,212.3,18670,163.97,18449,198.83,9143,69.52,1589,7.05,10963,77.23,37601,240.41,5008,41.5,6289,58.66,147,1.31,9221,103.7,3730,74.41,1274,14.38,889,12.72,2286,32.94
  1981,3622,210.56,4143,190.76,14029,208.47,8957,109.6,6400,57.29,15349,427.18,9865,127.42,12819,237.71,6753,592.02,30677,443.18,28950,200.68,13182,140.31,9065,76.33,10069,85.78,17111,326.46,13362,193.41,13955,233.19,18312,171.89,19253,226.26,9100,74.65,1505,6.87,11706,84.53,39899,243.56,5050,40.86,6029,65.83,257,1.49,9129,102.8,3653,72.15,1178,12.25,877,11.73,2429,34.77
  1982,3709,220.55,4256,201.04,14345,219.45,9228,127.81,6461,69.3,15613,445.6,10068,139.61,13136,256.82,7181,604.43,30874,471.51,29485,215.93,14401,157.16,9621,82.57,10628,90.96,17765,353.31,14226,212.83,14905,249.08,18300,188.29,20027,245.54,8973,81.75,1434,7.73,11727,89.97,40512,272.25,5517,49.11,6130,74.16,315,1.24,9693,111.17,3579,78.06,1344,14.73,889,13.58,2575,38.9
  1983,3880,238.93,4186,214.73,14223,240.15,9413,147.47,6385,76.45,15960,494,10324,157.84,13260,282.99,7442,627.92,30759,525.75,30723,245.4,14756,183.56,9766,89.26,11526,100.79,18008,394.7,14463,227.45,15758,290.79,18379,200.94,19755,275.25,8819,87.66,1372,8.96,12122,107.97,40555,306.97,5526,57.77,5996,84.43,132,1.37,9566,124.48,3592,84.73,1292,15.37,943,15.34,2604,46.1
  1984,4174,270.29,4365,234.95,16212,279.74,10204,166.42,6281,84.52,17538,561.07,11014,186.2,13933,312.22,7295,692.5,33955,629.09,37578,312.85,18771,234.32,10310,108.32,13258,117.09,19249,472.75,14803,258.52,19030,329.17,20084,227.6,20810,336.45,8600,97.28,1421,11.45,13102,119.48,43534,364.67,6706,70.7,8000,98.88,123,1.21,10603,138.44,3749,98.45,1303,17.92,992,17.72,2697,52.75
  1985,4777,315.68,4546,285.29,15819,341.2,10045,194.36,6485,105.24,18391,696.26,10795,231.22,14268,368.49,8422,808.5,33486,826.45,40473,435.01,16786,271.15,10306,141.4,12554,157.96,18482,588.1,14775,325.33,16850,414.81,18204,276.64,18416,438.91,7503,123.51,1526,16.49,9924,140.81,36158,456.6,6427,90,6419,119.76,136,1.38,10800,170.96,4073,121,1293,22.65,1262,22.6,3520,73.02
  1986,4911,336.55,4770,309.14,18761,375.07,10824,214.27,6808,116.64,19998,767.91,11823,256.11,15204,437.37,8762,890.6,38698,975.91,43821,519.01,21332,323.59,10466,159.37,14491,183.85,20679,634.57,16120,358.59,22102,468.4,20430,319.88,21429,522.35,8556,143.22,1523,17.67,12454,160.42,42642,499.39,6752,92.78,8162,133.88,236,1.15,11713,187.64,5129,135.02,1460,26.79,1462,25.95,3833,79.71
  1987,5070,388.42,4871,352.61,19270,456.05,10987,247.91,7213,138,21036,887.1,11910,320.35,14982,526.57,9328,990.12,38985,1216.24,41857,647.96,20827,415.02,11349,205.02,14654,225.56,21651,800.9,16202,429.26,20676,560.78,20539,387.28,22159,711.04,8651,178.95,838,17.15,11556,192.1,38338,599.7,5945,108.82,7187,165.02,200,1.17,11934,217.76,5187,153.77,1411,31.3,1508,30.69,3885,94.79
  1988,5196,495.65,5112,431.14,19684,577.44,11157,315.6,7204,175.42,21410,1080.28,12136,398.43,14642,652.6,9668,1180.73,38853,1605.76,42202,850.84,21587,503.53,11792,296.02,15163,291.91,22530,1073.34,16157,552.92,20386,694.76,20991,489.05,23041,1056.47,8883,231.66,825,24.58,11303,252.96,37422,786.43,5545,143.44,6018,216.33,114,1.13,11876,278.9,5422,186.82,1478,42.51,1568,40.42,3870,122.74
  1989,5336,602.66,5345,493.58,19400,705.87,11249,390.12,7349,218.22,21344,1277.31,12290,459.04,14652,730.34,10282,1373.48,37919,1891.9,41046,993.49,21511,528.64,12341,367.46,14697,335.79,22571,1371.21,16372,669.89,19953,807.46,21233,569.1,24623,1321.33,9128,279.76,832,31.6,10976,299.11,36239,934.59,5239,173.28,6055,271.01,208,1.33,11964,335.96,5663,223.78,1485,54.18,1617,51.97,4069,153.73
  1990,5409,625.9,5432,524.53,19133,754.97,11365,423.95,7482,231.41,21211,1301.68,12221,478.24,14684,779.31,10109,1477.04,37489,2061.29,40119,1049.48,20901,602.65,12556,393.65,14230,343.14,22489,1516.83,16082,713.08,19665,816.49,21060,586.67,24694,1379.98,8981,298.92,844,36.09,10763,299.34,35480,980.58,5134,188.39,5977,307.97,211,1.53,11801,359.6,5896,248.16,1450,55.25,1620,56.87,4192,174.24
  1991,5409,730.21,5540,578.66,19204,892.38,11127,468.74,7582,266.7,21379,1493.73,12101,539.35,14507,888.83,10203,1747.59,37004,2377.85,40737,1315.16,20877,744.68,12635,475.03,14534,390.58,22752,1761.82,16118,825.99,19248,924.96,20803,654.82,25541,2018.62,9129,354.01,886,45.74,10780,342.46,35609,1137.46,5077,211.5,5933,350.36,217,1,11725,414.67,6032,281.55,1477,60.51,1594,62.63,4142,218.61
  1992,5308,860.42,5909,697.91,19164,1116.29,10628,550.93,7505,312,21942,1825.63,11951,662.93,14260,983.13,10144,2153.61,37129,3352.73,39262,1713.37,20649,1100.01,12493,605.49,13853,480.65,23145,2250.53,16531,1037.33,18289,1111.82,20276,790.54,25536,2696.47,9323,457.04,860,60.71,9693,419.13,30569,1395.47,4727,255.2,5467,420.37,223,2.44,11741,477.32,6062,323.53,1457,68.22,1552,74.14,4134,250.01
  1993,7530,1168.35,10747,1065.83,21137,1608.76,11227,738.9,8217,445.71,26463,2611.41,13072,890.43,15920,1233.14,10254,2880.62,39497,4888.59,39528,2543.73,22447,1493.81,14577,970.05,15357,673.71,24345,3310.17,18093,1461.98,19763,1587.3,22083,1064.4,29176,4085.35,11066,690.24,1303,104.35,9083,584.74,30156,2011.22,5455,321.31,5726,603.83,230,2.63,12824,601.53,6390,444.92,1498,94.3,1682,111.22,4473,361.85
  1994,9312,1553.12,11280,1293.79,22274,1995.6,11466,881.6,8393,519.91,28070,3180.13,13007,1061.58,16807,1555.04,11496,3664.65,39195,6551.65,37633,3363.63,21719,1740.7,15914,1263.99,16257,882.48,24383,4334.8,21407,1926.59,19671,2060.31,22978,1298.22,32163,5325.35,11406,881.91,1057,117.88,9713,718.54,31300,2377.41,5039,371.9,5620,805.89,232,2.91,12763,767.96,6739,561.95,1523,127.06,1658,135.9,4693,455.81
  1995,9636,1450.27,10671,1382.43,24376,2240.14,11476,977.41,9496,544.25,29497,3001.69,13140,1047.46,19006,1662.04,15396,3880.68,42676,6819.92,35256,3526.71,24276,2196.09,19166,1558.04,18699,837.97,27392,4784.46,23440,2344.1,21021,2537.66,23931,1370.84,35258,6325.19,12603,964.28,1330,129.1,11474,765.11,38351,2551.71,7512,411.27,6389,880.44,306,3.23,13122,804.95,7182,594.12,1841,129.32,1724,154.14,5160,510.55
  1996,15002,1522.29,10490,1635.96,22797,2677.71,11180,1116.31,9602,619.93,31410,3294.78,12867,1202.75,18641,1896.1,15007,4247.12,38506,7726.34,33001,3934.75,22189,2569.1,21968,1770.54,19031,930.22,27245,5741.13,26135,2812.45,20769,2662.21,24250,1659.04,36294,7308.51,12640,1010.64,1045,153.4,11077,823.47,33583,2730.13,8361,472.04,5989,967.41,324,4.14,12839,919.66,6994,646.26,1968,138.06,1651,177.06,4971,580.19
  1997,17739,1716.2,11020,1729.94,21133,3014.23,10409,1195.17,8208,674.96,29911,3556.89,11831,1317.63,17272,2063.93,13861,4602.19,37087,8033.34,27207,4058.45,19885,1480.76,19756,2028.43,16369,1027.84,23494,6282.4,25986,3056.48,19779,3063.05,22919,1740.59,32721,8201.71,12293,1032.89,972,171.13,9185,870.55,20340,2115.64,7138,513.26,5515,1003.62,314,5.51,11709,991.84,6258,721.8,2146,147.41,1605,188.96,4716,654.58
  1998,4497,1816.48,5412,2062.69,7597,2719.1,3925,1106.72,1489,574.63,6249,3147.86,2790,1225.47,3524,1739.73,9320,5191.43,17957,8053.03,13475,4702.43,3887,1533.9,6106,2037.52,3937,819.79,11402,6398.39,10450,3036.3,7399,2733.06,4554,1287.43,17980,9738.56,3365,928.67,640,187.6,2000,766.79,4980,1918.37,2048,507.91,2516,1017.29,342,7.07,2685,926.58,1641,661.56,573,148.18,520,183.2,1820,606.78
  1999,5225,1999.97,5213,2261.49,7418,2994.58,3345,1096.83,1392,640.68,5816,3390.14,2793,1366.92,2957,1854.57,9205,5452.91,18001,8915.44,13301,5191.56,3784,1661.44,5549,2210.28,3730,854.65,11391,6944.52,9922,3109.18,6874,2831.7,4790,1414.12,18879,10538.17,3142,911,541,180.7,1975,858.55,4538,1895.82,2119,551.93,2212,1002.88,329,8.42,2589,1042.58,2245,667.53,559,160.77,496,197.66,1625,631.84
  2000,4572,2565.38,5430,2606.38,7261,3426.05,3275,1216.86,1373,748.97,6017,4249.46,2728,1679.91,2666,2460.88,8574,6204.52,18309,10452.87,14575,6603.65,3680,1824.64,6011,2616.12,3549,932.21,11679,8311.53,9930,3494.96,6282,3064.43,4808,1627.94,19695,12480.93,3155,1003.24,596,202.87,2040,962.32,4394,2076.96,2087,631.64,2124,1063.36,362,9.87,2553,1184.58,2851,840.58,445,196.08,409,239.11,1455,852.01
  2001,4356,2908.82,5561,2940.4,7696,3766.85,3308,1396.73,1379,830.32,5847,4480.32,2608,1876.65,2500,2365.44,9762,7003.9,19684,11747.83,18626,7882.47,3698,2123.61,6583,2945.02,3283,1016.02,12268,9377.37,9720,3843.18,6197,3239.51,4961,1811.22,20721,14035.35,3126,1059.23,589,219.5,2054,1072.83,4572,2304.51,2054,696.63,2031,1157.4,378,12.83,2440,1338.2,3153,951.21,391,194.16,410,268.84,1300,876.57
  2002,4551,3173.48,5346,3323.12,7618,4294.68,3474,1717.88,1440,994.75,6017,4888.02,2572,2171.17,2593,2487.63,10057,7740.56,21476,13865.86,21896,9779.04,3918,2610.03,7462,3676.37,3076,1188.8,13468,11497.53,9671,4303.66,6183,3589.26,5438,2099.4,22619,16378.6,2911,1180.55,601,264.58,2060,1228.37,4908,2737.35,2067,797.9,2072,1320.62,344,14.98,2461,1505.45,3204,1035.52,399,207.59,388,268.62,1267,917.03
  2003,4019,3810.36,5341,4049.61,7923,5708.76,3613,2439.3,1653,1355.7,6842,6112.96,2284,2662.27,2567,2909.98,11098,10342.82,23862,18036.74,25526,12864.23,4158,3659.56,9208,4953.74,3051,1472.33,16177,15379.54,9091,5365.65,6271,4030.11,5967,2611.45,24494,21513.46,2871,1436.43,619,333.46,2241,1588,5448,3387.43,2129,977.64,1995,1557.17,325,16.43,2493,1879.26,2884,1147.52,400,247.9,418,352.81,1254,1113.14
  2004,6871,4880.89,6462,5375.09,9284,7846.4,5013,3771.36,2275,2095.94,10635,8603.9,3280,3247.3,3297,3464,15766,12885.01,40848,24836.47,41358,18729.06,4778,4567.23,11918,6783.42,4019,2211.98,23915,21338.24,11474,7236.47,6232,4960.25,7523,3506.12,34584,26720.87,3749,1886.84,588,384.67,2634,2142.73,7413,4463.74,2545,1249.7,2332,2093.98,187,17.88,3012,2426.71,1927,1505.18,463,461.41,662,553.66,1430,1656.02
  2005,6300,6946.07,6144,6774.1,9936,11008.12,4441,4850.91,2447,2995.59,11510,10814.51,2774,3791.96,2887,4714.91,14809,15767.51,32224,32707.09,40275,23106.76,5277,5915.59,12396,8135.98,4403,2978.88,27540,30522.86,10867,10487.38,6813,6066.96,8022,4754.86,35157,35942.74,3687,2547.32,616,473.06,2943,2525.87,7959,6178.03,2585,1690.4,2362,2596.21,197,19.48,2997,3397.71,1733,1988.26,404,486.86,685,671.54,1445,2102.53
  2006,6400,8210,6301,8527.7,10634,13489.8,4668,5902.84,3075,4140.05,14754,14167.95,3249,4752.72,2956,5440.17,14404,18573.13,36319,41410.4,45686,29129.94,6523,7945.17,13755,10005.08,5333,4245.49,31936,38780.1,11895,13889.77,7546,7454.07,8999,6131.18,37494,44674.75,4051,3356.76,595,640.26,3208,3213.45,8995,7934.41,2594,2066.77,2602,3393.09,204,21.39,3375,4442.81,1733,2483.56,435,640.66,761,859.7,1481,2683.44
  2007,6397,9648.38,6361,10075.07,10870,17054.78,4472,7791.71,3364,5812.96,16556,18249.53,3984,6486.01,3172,6143.17,15099,22259.94,41841,53316.38,51604,36073.93,8111,11162.16,15178,12517.91,6028,6194.18,36145,49873,13510,20442.21,8996,9601.52,10201,8464.08,42260,55252.86,4408,4587.35,488,1002.78,3916,4363.25,10709,11047.04,2296,2520.36,2698,4298.29,100,22.82,3372,5692.33,1841,3231.52,471,822.72,745,1070.71,1575,3296.61
  2008,7205,10413.09,7950,12503.25,12447,23030.73,4415,10023.87,3993,8740.18,21876,24769.09,5257,8406.85,4392,7624.54,18792,25120.92,65495,67798.68,58816,40832.1,11392,13312.59,17212,15212.81,7367,8499.58,42629,62958.53,18700,26028.41,12067,13454.94,12391,11553.31,52574,65424.61,5427,6071.98,548,1103.07,6119,5755.9,13725,14761.86,2676,3111.13,3320,5144.58,88,27.29,4025,7480.79,1940,3667.52,515,1103.1,901,1366.46,1859,4276.05
  2009,6890,11039.13,8326,13083.63,13096,24062.76,4023,9249.98,4465,10699.44,23364,28152.73,5936,10026.55,4408,7301.6,17906,24091.26,60817,73200.03,59971,41035.29,14122,18732,18154,16762.82,7539,9783.96,45518,71209.42,18105,27708.15,14027,15567.02,13311,13507.64,52188,68275.77,5678,6880.04,494,1057.45,6412,6772.9,13267,18071.68,2791,3426.69,3489,5197.45,90,33.33,4480,8470.4,1987,3770.38,523,1080.35,969,1461.58,2018,4001.12
  2010,6884,13699.84,7947,16751.82,13927,31143.29,4240,12471.33,4611,13406.11,23832,36219.42,6181,13098.35,4596,9535.15,16684,30114.41,64136,92056.48,64364,51394.2,16277,25875.87,19227,21901.23,7908,13883.06,44037,83851.4,19548,34995.53,16106,21623.12,13844,19008.83,53389,85824.64,6583,9644.13,497,1381.25,7130,9143.55,13706,23147.38,2963,4206.37,3599,6464.63,97,41.36,4564,11199.84,2000,4882.68,555,1481.99,975,1924.39,2465,5341.9
  2011,3746,14513.63,5013,20862.74,11570,39698.8,3675,16013.83,4175,17774.82,16914,41776.73,5158,16917.61,3377,11514.56,9962,32445.15,43368,107680.68,34698,56410.48,12432,NA,14116,27443.9,6481,17949.38,35813,99504.98,18328,46856.14,10633,28073.07,12477,26386.58,38305,94860.79,5046,12836.57,358,1600.13,4778,11847.06,12085,30485.09,2329,5519.96,2773,7780.83,56,48.19,3684,14283.48,1371,6175.24,386,1893.54,764,2491.44,1738,6720.85
  2012,3692,15596.21,5342,23427.5,12360,43048.65,3905,NA,4244,18192.03,17347,NA,5286,NA,3911,NA,9772,31548.41,45859,120124.91,36496,59124.16,14514,NA,15333,29704.66,7217,NA,37625,114707.29,19237,NA,12441,NA,12785,NA,37790,NA,5239,NA,377,1746.57,4985,13104.02,12719,NA,2752,NA,3211,NA,64,51.6,4284,NA,1735,NA,423,NA,865,NA,1959,NA
  2013,3641,17370.88,5511,26400.37,13968,46316.66,3979,NA,4404,20098.35,17305,NA,5376,22061.37,4398,13719.3,9796,32088.88,48787,134648.91,39561,62980.29,16193,NA,16120,NA,8126,NA,40467,129906.01,20573,NA,14650,39208.98,13598,NA,41184,NA,5495,NA,388,1779.22,5559,15824.86,12998,NA,3576,NA,3551,NA,76,62.22,4751,NA,1992,NA,522,NA,1044,NA,2224,NA
  2014,3686,18452.9,5501,28078.82,14792,47675.9,3906,NA,4413,19969.38,15707,NA,5311,23540.95,4305,13423.55,9469,32665.19,48708,143016.94,40841,NA,17762,NA,16744,NA,8996,NA,40756,NA,21748,NA,15957,NA,13723,NA,41133,NA,5447,NA,382,NA,6158,18782.33,13267,NA,3895,NA,3797,NA,97,74.85,5081,20142.06,2091,NA,568,NA,1170,NA,2477,NA
  2015,3548,17449.63,5525,28016.75,15295,NA,3845,NA,4404,19133.26,12304,NA,5682,NA,4162,NA,8994,31049.57,48488,NA,41167,NA,19077,NA,17240,NA,9941,NA,41485,NA,22892,NA,16413,NA,13992,NA,42113,NA,5518,NA,380,NA,6608,21404.66,13525,NA,4482,NA,3876,NA,104,NA,5413,NA,2148,NA,575,NA,1245,NA,2707,NA
  2016,3340,18087.27,5203,27401.68,14764,NA,3548,NA,4289,NA,8025,NA,6003,NA,3946,NA,8351,31136.03,47900,NA,40128,NA,19838,NA,17262,NA,10931,NA,39567,NA,23679,NA,16296,NA,14386,NA,42688,NA,5464,NA,337,NA,6782,23906.58,13819,NA,5123,NA,4194,NA,108,NA,5862,NA,2105,NA,593,NA,1174,NA,2894,NA
  2017,3231,NA,4286,NA,14790,NA,3835,NA,2801,NA,6626,NA,5971,NA,3731,NA,8122,36094.36,45414,NA,39949,NA,18883,NA,17348,NA,10889,NA,38147,NA,22023,NA,15097,NA,15201,NA,47203,NA,5723,NA,335,NA,6684,NA,13904,NA,5311,NA,4186,NA,116,NA,6271,NA,1905,NA,569,NA,1223,NA,2955,NA
